datahora;close
2026-09-17 12:07:00;1.151265
2026-09-17 12:07:05;1.151575
2026-09-17 12:07:10;1.151605
2026-09-17 12:07:15;1.151525
2026-09-17 12:07:20;1.151515
2026-09-17 12:07:25;1.151545
2026-09-17 12:07:30;1.151705
2026-09-17 12:07:35;1.151685
2026-09-17 12:07:40;1.151575
2026-09-17 12:07:45;1.151495
2026-09-17 12:07:50;1.151625
2026-09-17 12:07:55;1.151815
2026-09-17 12:08:00;1.151735
2026-09-17 12:08:05;1.151505
2026-09-17 12:08:10;1.151765
2026-09-17 12:08:15;1.151835
2026-09-17 12:08:20;1.151795
2026-09-17 12:08:25;1.151785
2026-09-17 12:08:30;1.151725
2026-09-17 12:08:35;1.151555
2026-09-17 12:08:40;1.151775
2026-09-17 12:08:45;1.151795
2026-09-17 12:08:50;1.151765
2026-09-17 12:08:55;1.151985
2026-09-17 12:09:00;1.151775
2026-09-17 12:09:05;1.151675
2026-09-17 12:09:10;1.151625
2026-09-17 12:09:15;1.151645
2026-09-17 12:09:20;1.151505
2026-09-17 12:09:25;1.151585
2026-09-17 12:09:30;1.151535
2026-09-17 12:09:35;1.151305
2026-09-17 12:09:40;1.151245
2026-09-17 12:09:45;1.151165
2026-09-17 12:09:50;1.151205
2026-09-17 12:09:55;1.151155
2026-09-17 12:10:00;1.151365
2026-09-17 12:10:05;1.151315
2026-09-17 12:10:10;1.151215
2026-09-17 12:10:15;1.151155
2026-09-17 12:10:20;1.151175
2026-09-17 12:10:25;1.151115
2026-09-17 12:10:30;1.151355
2026-09-17 12:10:35;1.151395
2026-09-17 12:10:40;1.151315
2026-09-17 12:10:45;1.151295
2026-09-17 12:10:50;1.151395
2026-09-17 12:10:55;1.151445
2026-09-17 12:11:00;1.151395
2026-09-17 12:11:05;1.151355
2026-09-17 12:11:10;1.151365
2026-09-17 12:11:15;1.151405
2026-09-17 12:11:20;1.151455
2026-09-17 12:11:25;1.151365
2026-09-17 12:11:30;1.151345
2026-09-17 12:11:35;1.151265
2026-09-17 12:11:40;1.151425
2026-09-17 12:11:45;1.151715
2026-09-17 12:11:50;1.151705
2026-09-17 12:11:55;1.151865
2026-09-17 12:12:00;1.151865
2026-09-17 12:12:05;1.151935
2026-09-17 12:12:10;1.151665
2026-09-17 12:12:15;1.151875
2026-09-17 12:12:20;1.152255
2026-09-17 12:12:25;1.152115
2026-09-17 12:12:30;1.152065
2026-09-17 12:12:35;1.152045
2026-09-17 12:12:40;1.152045
2026-09-17 12:12:45;1.152125
2026-09-17 12:12:50;1.151985
2026-09-17 12:12:55;1.151935
2026-09-17 12:13:00;1.151835
2026-09-17 12:13:05;1.151855
2026-09-17 12:13:10;1.151895
2026-09-17 12:13:15;1.151865
2026-09-17 12:13:20;1.151605
2026-09-17 12:13:25;1.151305
2026-09-17 12:13:30;1.151185
2026-09-17 12:13:35;1.150915
2026-09-17 12:13:40;1.151055
2026-09-17 12:13:45;1.151025
2026-09-17 12:13:50;1.151255
2026-09-17 12:13:55;1.151195
2026-09-17 12:14:00;1.151075
2026-09-17 12:14:05;1.151185
2026-09-17 12:14:10;1.151535
2026-09-17 12:14:15;1.151525
2026-09-17 12:14:20;1.151455
2026-09-17 12:14:25;1.151345
2026-09-17 12:14:30;1.151305
2026-09-17 12:14:35;1.151095
2026-09-17 12:14:40;1.151185
2026-09-17 12:14:45;1.151255
2026-09-17 12:14:50;1.151335
2026-09-17 12:14:55;1.151375
2026-09-17 12:15:00;1.151395
2026-09-17 12:15:05;1.151315
2026-09-17 12:15:10;1.151375
2026-09-17 12:15:15;1.151345
2026-09-17 12:15:20;1.151375
2026-09-17 12:15:25;1.151375
2026-09-17 12:15:30;1.151325
2026-09-17 12:15:35;1.151435
2026-09-17 12:15:40;1.151425
2026-09-17 12:15:45;1.151465
2026-09-17 12:15:50;1.151445
2026-09-17 12:15:55;1.151395
2026-09-17 12:16:00;1.151565
2026-09-17 12:16:05;1.151685
2026-09-17 12:16:10;1.151805
2026-09-17 12:16:15;1.151955
2026-09-17 12:16:20;1.151855
2026-09-17 12:16:25;1.151895
2026-09-17 12:16:30;1.152275
2026-09-17 12:16:35;1.152415
2026-09-17 12:16:40;1.152635
2026-09-17 12:16:45;1.152605
2026-09-17 12:16:50;1.152805
2026-09-17 12:16:55;1.152785
2026-09-17 12:17:00;1.152745
2026-09-17 12:17:05;1.152695
2026-09-17 12:17:10;1.152595
2026-09-17 12:17:15;1.152465
2026-09-17 12:17:20;1.152785
2026-09-17 12:17:25;1.152885
2026-09-17 12:17:30;1.152945
2026-09-17 12:17:35;1.152905
2026-09-17 12:17:40;1.152725
2026-09-17 12:17:45;1.152985
2026-09-17 12:17:50;1.152885
2026-09-17 12:17:55;1.153245
2026-09-17 12:18:00;1.153245
2026-09-17 12:18:05;1.153125
2026-09-17 12:18:10;1.153045
2026-09-17 12:18:15;1.152975
2026-09-17 12:18:20;1.153065
2026-09-17 12:18:25;1.153045
2026-09-17 12:18:30;1.152995
2026-09-17 12:18:35;1.152905
2026-09-17 12:18:40;1.153025
2026-09-17 12:18:45;1.152935
2026-09-17 12:18:50;1.152915
2026-09-17 12:18:55;1.152755
2026-09-17 12:19:00;1.152765
2026-09-17 12:19:05;1.153115
2026-09-17 12:19:10;1.153225
2026-09-17 12:19:15;1.153375
2026-09-17 12:19:20;1.153555
2026-09-17 12:19:25;1.153645
2026-09-17 12:19:30;1.153615
2026-09-17 12:19:35;1.153725
2026-09-17 12:19:40;1.153695
2026-09-17 12:19:45;1.153585
2026-09-17 12:19:50;1.153805
2026-09-17 12:19:55;1.153725
2026-09-17 12:20:00;1.153605
2026-09-17 12:20:05;1.153485
2026-09-17 12:20:10;1.153585
2026-09-17 12:20:15;1.153555
2026-09-17 12:20:20;1.153535
2026-09-17 12:20:25;1.153425
2026-09-17 12:20:30;1.153295
2026-09-17 12:20:35;1.153435
2026-09-17 12:20:40;1.153555
2026-09-17 12:20:45;1.153875
2026-09-17 12:20:50;1.153715
2026-09-17 12:20:55;1.153805
2026-09-17 12:21:00;1.153825
2026-09-17 12:21:05;1.153875
2026-09-17 12:21:10;1.153775
2026-09-17 12:21:15;1.153725
2026-09-17 12:21:20;1.153735
2026-09-17 12:21:25;1.153935
2026-09-17 12:21:30;1.154055
2026-09-17 12:21:35;1.154045
2026-09-17 12:21:40;1.154165
2026-09-17 12:21:45;1.154225
2026-09-17 12:21:50;1.154085
2026-09-17 12:21:55;1.154185
2026-09-17 12:22:00;1.154305
2026-09-17 12:22:05;1.154275
2026-09-17 12:22:10;1.154365
2026-09-17 12:22:15;1.154355
2026-09-17 12:22:20;1.154205
2026-09-17 12:22:25;1.153895
2026-09-17 12:22:30;1.153965
2026-09-17 12:22:35;1.153845
2026-09-17 12:22:40;1.153885
2026-09-17 12:22:45;1.153945
2026-09-17 12:22:50;1.153955
2026-09-17 12:22:55;1.153985
2026-09-17 12:23:00;1.154065
2026-09-17 12:23:05;1.153705
2026-09-17 12:23:10;1.153575
2026-09-17 12:23:15;1.153345
2026-09-17 12:23:20;1.153435
2026-09-17 12:23:25;1.153685
2026-09-17 12:23:30;1.153635
2026-09-17 12:23:35;1.153635
2026-09-17 12:23:40;1.153565
2026-09-17 12:23:45;1.153675
2026-09-17 12:23:50;1.153665
2026-09-17 12:23:55;1.153565
2026-09-17 12:24:00;1.153675
2026-09-17 12:24:05;1.153815
2026-09-17 12:24:10;1.153725
2026-09-17 12:24:15;1.153685
2026-09-17 12:24:20;1.153865
2026-09-17 12:24:25;1.153955
2026-09-17 12:24:30;1.153985
2026-09-17 12:24:35;1.154085
2026-09-17 12:24:40;1.154085
2026-09-17 12:24:45;1.154165
2026-09-17 12:24:50;1.154155
2026-09-17 12:24:55;1.153905
2026-09-17 12:25:00;1.153895
2026-09-17 12:25:05;1.153905
2026-09-17 12:25:10;1.154015
2026-09-17 12:25:15;1.153975
2026-09-17 12:25:20;1.153925
2026-09-17 12:25:25;1.153705
2026-09-17 12:25:30;1.153875
2026-09-17 12:25:35;1.153865
2026-09-17 12:25:40;1.153805
2026-09-17 12:25:45;1.153945
2026-09-17 12:25:50;1.154015
2026-09-17 12:25:55;1.154135
2026-09-17 12:26:00;1.154165
2026-09-17 12:26:05;1.154125
2026-09-17 12:26:10;1.154045
2026-09-17 12:26:15;1.154065
2026-09-17 12:26:20;1.154035
2026-09-17 12:26:25;1.154095
2026-09-17 12:26:30;1.153965
2026-09-17 12:26:35;1.153965
2026-09-17 12:26:40;1.154015
2026-09-17 12:26:45;1.153885
2026-09-17 12:26:50;1.154035
2026-09-17 12:26:55;1.153915
2026-09-17 12:27:00;1.153885
2026-09-17 12:27:05;1.153815
2026-09-17 12:27:10;1.153825
2026-09-17 12:27:15;1.153875
2026-09-17 12:27:20;1.153945
2026-09-17 12:27:25;1.154005
2026-09-17 12:27:30;1.153965
2026-09-17 12:27:35;1.153785
2026-09-17 12:27:40;1.153705
2026-09-17 12:27:45;1.153505
2026-09-17 12:27:50;1.153415
2026-09-17 12:27:55;1.153505
2026-09-17 12:28:00;1.153525
2026-09-17 12:28:05;1.153595
2026-09-17 12:28:10;1.153515
2026-09-17 12:28:15;1.153305
2026-09-17 12:28:20;1.153415
2026-09-17 12:28:25;1.153375
2026-09-17 12:28:30;1.153545
2026-09-17 12:28:35;1.153395
2026-09-17 12:28:40;1.153275
2026-09-17 12:28:45;1.152965
2026-09-17 12:28:50;1.152805
2026-09-17 12:28:55;1.152575
2026-09-17 12:29:00;1.152805
2026-09-17 12:29:05;1.152845
2026-09-17 12:29:10;1.152865
2026-09-17 12:29:15;1.152815
2026-09-17 12:29:20;1.152915
2026-09-17 12:29:25;1.152875
2026-09-17 12:29:30;1.152875
2026-09-17 12:29:35;1.152845
2026-09-17 12:29:40;1.152895
2026-09-17 12:29:45;1.153085
2026-09-17 12:29:50;1.153175
2026-09-17 12:29:55;1.152925
2026-09-17 12:30:00;1.152625
2026-09-17 12:30:05;1.152605
2026-09-17 12:30:10;1.152345
2026-09-17 12:30:15;1.152475
2026-09-17 12:30:20;1.152495
2026-09-17 12:30:25;1.152635
2026-09-17 12:30:30;1.152755
2026-09-17 12:30:35;1.152935
2026-09-17 12:30:40;1.152775
2026-09-17 12:30:45;1.152665
2026-09-17 12:30:50;1.152665
2026-09-17 12:30:55;1.152745
2026-09-17 12:31:00;1.152785
2026-09-17 12:31:05;1.152705
2026-09-17 12:31:10;1.152725
2026-09-17 12:31:15;1.152705
2026-09-17 12:31:20;1.152715
2026-09-17 12:31:25;1.152585
2026-09-17 12:31:30;1.152685
2026-09-17 12:31:35;1.152715
2026-09-17 12:31:40;1.152685
2026-09-17 12:31:45;1.152615
2026-09-17 12:31:50;1.152715
2026-09-17 12:31:55;1.152545
2026-09-17 12:32:00;1.152575
2026-09-17 12:32:05;1.152515
2026-09-17 12:32:10;1.152675
2026-09-17 12:32:15;1.152495
2026-09-17 12:32:20;1.152535
2026-09-17 12:32:25;1.152725
2026-09-17 12:32:30;1.152795
2026-09-17 12:32:35;1.153045
2026-09-17 12:32:40;1.153145
2026-09-17 12:32:45;1.153265
2026-09-17 12:32:50;1.153295
2026-09-17 12:32:55;1.153525
2026-09-17 12:33:00;1.153685
2026-09-17 12:33:05;1.153555
2026-09-17 12:33:10;1.153345
2026-09-17 12:33:15;1.153215
2026-09-17 12:33:20;1.153265
2026-09-17 12:33:25;1.153015
2026-09-17 12:33:30;1.152985
2026-09-17 12:33:35;1.152975
2026-09-17 12:33:40;1.152965
2026-09-17 12:33:45;1.153035
2026-09-17 12:33:50;1.152845
2026-09-17 12:33:55;1.153015
2026-09-17 12:34:00;1.153015
2026-09-17 12:34:05;1.153185
2026-09-17 12:34:10;1.153085
2026-09-17 12:34:15;1.153305
2026-09-17 12:34:20;1.153495
2026-09-17 12:34:25;1.153475
2026-09-17 12:34:30;1.153525
2026-09-17 12:34:35;1.153625
2026-09-17 12:34:40;1.153735
2026-09-17 12:34:45;1.153965
2026-09-17 12:34:50;1.154215
2026-09-17 12:34:55;1.154515
2026-09-17 12:35:00;1.154545
2026-09-17 12:35:05;1.154605
2026-09-17 12:35:10;1.154455
2026-09-17 12:35:15;1.154455
2026-09-17 12:35:20;1.154525
2026-09-17 12:35:25;1.154235
2026-09-17 12:35:30;1.154185
2026-09-17 12:35:35;1.154285
2026-09-17 12:35:40;1.154385
2026-09-17 12:35:45;1.154555
2026-09-17 12:35:50;1.154495
2026-09-17 12:35:55;1.154435
2026-09-17 12:36:00;1.154365
2026-09-17 12:36:05;1.154225
2026-09-17 12:36:10;1.154325
2026-09-17 12:36:15;1.154305
2026-09-17 12:36:20;1.154465
2026-09-17 12:36:25;1.154505
2026-09-17 12:36:30;1.154405
2026-09-17 12:36:35;1.154455
2026-09-17 12:36:40;1.154575
2026-09-17 12:36:45;1.154315
2026-09-17 12:36:50;1.154285
2026-09-17 12:36:55;1.154225
2026-09-17 12:37:00;1.154245
2026-09-17 12:37:05;1.154465
2026-09-17 12:37:10;1.154485
2026-09-17 12:37:15;1.154565
2026-09-17 12:37:20;1.154545
2026-09-17 12:37:25;1.154455
2026-09-17 12:37:30;1.154595
2026-09-17 12:37:35;1.154345
2026-09-17 12:37:40;1.154165
2026-09-17 12:37:45;1.154175
2026-09-17 12:37:50;1.154125
2026-09-17 12:37:55;1.154095
2026-09-17 12:38:00;1.154045
2026-09-17 12:38:05;1.153765
2026-09-17 12:38:10;1.153705
2026-09-17 12:38:15;1.153695
2026-09-17 12:38:20;1.153745
2026-09-17 12:38:25;1.153795
2026-09-17 12:38:30;1.153865
2026-09-17 12:38:35;1.153895
2026-09-17 12:38:40;1.153835
2026-09-17 12:38:45;1.153495
2026-09-17 12:38:50;1.153375
2026-09-17 12:38:55;1.153225
2026-09-17 12:39:00;1.153125
2026-09-17 12:39:05;1.153105
2026-09-17 12:39:10;1.153055
2026-09-17 12:39:15;1.153235
2026-09-17 12:39:20;1.153215
2026-09-17 12:39:25;1.153235
2026-09-17 12:39:30;1.153305
2026-09-17 12:39:35;1.153385
2026-09-17 12:39:40;1.153375
2026-09-17 12:39:45;1.153445
2026-09-17 12:39:50;1.153335
2026-09-17 12:39:55;1.153325
2026-09-17 12:40:00;1.153405
2026-09-17 12:40:05;1.153285
2026-09-17 12:40:10;1.153305
2026-09-17 12:40:15;1.153155
2026-09-17 12:40:20;1.153255
2026-09-17 12:40:25;1.153405
2026-09-17 12:40:30;1.153685
2026-09-17 12:40:35;1.153835
2026-09-17 12:40:40;1.154015
2026-09-17 12:40:45;1.154065
2026-09-17 12:40:50;1.153945
2026-09-17 12:40:55;1.153955
2026-09-17 12:41:00;1.154125
2026-09-17 12:41:05;1.153995
2026-09-17 12:41:10;1.153995
2026-09-17 12:41:15;1.154335
2026-09-17 12:41:20;1.154185
2026-09-17 12:41:25;1.154105
2026-09-17 12:41:30;1.154085
2026-09-17 12:41:35;1.154055
2026-09-17 12:41:40;1.153865
2026-09-17 12:41:45;1.153695
2026-09-17 12:41:50;1.153735
2026-09-17 12:41:55;1.153645
2026-09-17 12:42:00;1.153605
2026-09-17 12:42:05;1.153545
2026-09-17 12:42:10;1.153655
2026-09-17 12:42:15;1.153655
2026-09-17 12:42:20;1.153535
2026-09-17 12:42:25;1.153525
2026-09-17 12:42:30;1.153515
2026-09-17 12:42:35;1.153315
2026-09-17 12:42:40;1.153245
2026-09-17 12:42:45;1.153155
2026-09-17 12:42:50;1.153075
2026-09-17 12:42:55;1.152785
2026-09-17 12:43:00;1.152785
2026-09-17 12:43:05;1.152785
2026-09-17 12:43:10;1.152885
2026-09-17 12:43:15;1.152825
2026-09-17 12:43:20;1.152815
2026-09-17 12:43:25;1.152835
2026-09-17 12:43:30;1.152835
2026-09-17 12:43:35;1.153005
2026-09-17 12:43:40;1.153095
2026-09-17 12:43:45;1.152975
2026-09-17 12:43:50;1.153075
2026-09-17 12:43:55;1.153125
2026-09-17 12:44:00;1.153055
2026-09-17 12:44:05;1.152945
2026-09-17 12:44:10;1.153045
2026-09-17 12:44:15;1.153115
2026-09-17 12:44:20;1.153315
2026-09-17 12:44:25;1.153305
2026-09-17 12:44:30;1.153275
2026-09-17 12:44:35;1.153295
2026-09-17 12:44:40;1.153155
2026-09-17 12:44:45;1.152985
2026-09-17 12:44:50;1.152935
2026-09-17 12:44:55;1.152875
2026-09-17 12:45:00;1.152715
2026-09-17 12:45:05;1.152795
2026-09-17 12:45:10;1.152845
2026-09-17 12:45:15;1.152765
2026-09-17 12:45:20;1.152605
2026-09-17 12:45:25;1.152735
2026-09-17 12:45:30;1.152765
2026-09-17 12:45:35;1.152755
2026-09-17 12:45:40;1.152765
2026-09-17 12:45:45;1.152855
2026-09-17 12:45:50;1.152605
2026-09-17 12:45:55;1.152625
2026-09-17 12:46:00;1.152625
2026-09-17 12:46:05;1.152805
2026-09-17 12:46:10;1.152725
2026-09-17 12:46:15;1.152905
2026-09-17 12:46:20;1.153085
2026-09-17 12:46:25;1.153065
2026-09-17 12:46:30;1.153035
2026-09-17 12:46:35;1.152875
2026-09-17 12:46:40;1.153005
2026-09-17 12:46:45;1.152845
2026-09-17 12:46:50;1.152815
2026-09-17 12:46:55;1.152825
2026-09-17 12:47:00;1.152885
2026-09-17 12:47:05;1.152795
2026-09-17 12:47:10;1.152715
2026-09-17 12:47:15;1.152775
2026-09-17 12:47:20;1.152935
2026-09-17 12:47:25;1.153105
2026-09-17 12:47:30;1.152975
2026-09-17 12:47:35;1.153025
2026-09-17 12:47:40;1.153215
2026-09-17 12:47:45;1.153245
2026-09-17 12:47:50;1.153295
2026-09-17 12:47:55;1.153305
2026-09-17 12:48:00;1.153405
2026-09-17 12:48:05;1.153495
2026-09-17 12:48:10;1.153565
2026-09-17 12:48:15;1.153615
2026-09-17 12:48:20;1.153825
2026-09-17 12:48:25;1.153945
2026-09-17 12:48:30;1.154155
2026-09-17 12:48:35;1.154365
2026-09-17 12:48:40;1.154235
2026-09-17 12:48:45;1.154395
2026-09-17 12:48:50;1.154615
2026-09-17 12:48:55;1.154545
2026-09-17 12:49:00;1.154375
2026-09-17 12:49:05;1.154245
2026-09-17 12:49:10;1.154395
2026-09-17 12:49:15;1.154355
2026-09-17 12:49:20;1.154285
2026-09-17 12:49:25;1.154315
2026-09-17 12:49:30;1.154325
2026-09-17 12:49:35;1.154225
2026-09-17 12:49:40;1.154215
2026-09-17 12:49:45;1.154325
2026-09-17 12:49:50;1.154355
2026-09-17 12:49:55;1.154245
2026-09-17 12:50:00;1.154295
2026-09-17 12:50:05;1.154325
2026-09-17 12:50:10;1.154365
2026-09-17 12:50:15;1.154275
2026-09-17 12:50:20;1.154455
2026-09-17 12:50:25;1.154495
2026-09-17 12:50:30;1.154495
2026-09-17 12:50:35;1.154245
2026-09-17 12:50:40;1.153955
2026-09-17 12:50:45;1.153835
2026-09-17 12:50:50;1.153875
2026-09-17 12:50:55;1.153675
2026-09-17 12:51:00;1.153675
2026-09-17 12:51:05;1.153595
2026-09-17 12:51:10;1.153565
2026-09-17 12:51:15;1.153545
2026-09-17 12:51:20;1.153345
2026-09-17 12:51:25;1.153535
2026-09-17 12:51:30;1.153605
2026-09-17 12:51:35;1.153715
2026-09-17 12:51:40;1.153655
2026-09-17 12:51:45;1.153755
2026-09-17 12:51:50;1.153845
2026-09-17 12:51:55;1.153435
2026-09-17 12:52:00;1.153545
2026-09-17 12:52:05;1.153455
2026-09-17 12:52:10;1.153405
2026-09-17 12:52:15;1.153235
2026-09-17 12:52:20;1.153155
2026-09-17 12:52:25;1.153235
2026-09-17 12:52:30;1.153305
2026-09-17 12:52:35;1.153275
2026-09-17 12:52:40;1.153325
2026-09-17 12:52:45;1.153575
2026-09-17 12:52:50;1.153505
2026-09-17 12:52:55;1.153645
2026-09-17 12:53:00;1.153715
2026-09-17 12:53:05;1.153655
2026-09-17 12:53:10;1.153605
2026-09-17 12:53:15;1.153735
2026-09-17 12:53:20;1.153665
2026-09-17 12:53:25;1.153525
2026-09-17 12:53:30;1.153665
2026-09-17 12:53:35;1.153555
2026-09-17 12:53:40;1.153425
2026-09-17 12:53:45;1.153575
2026-09-17 12:53:50;1.153405
2026-09-17 12:53:55;1.153315
2026-09-17 12:54:00;1.153475
2026-09-17 12:54:05;1.153575
2026-09-17 12:54:10;1.153585
2026-09-17 12:54:15;1.153665
2026-09-17 12:54:20;1.153355
2026-09-17 12:54:25;1.153305
2026-09-17 12:54:30;1.153335
2026-09-17 12:54:35;1.153375
2026-09-17 12:54:40;1.153155
2026-09-17 12:54:45;1.153155
2026-09-17 12:54:50;1.153085
2026-09-17 12:54:55;1.152985
2026-09-17 12:55:00;1.152855
2026-09-17 12:55:05;1.153025
2026-09-17 12:55:10;1.152845
2026-09-17 12:55:15;1.153105
2026-09-17 12:55:20;1.153105
2026-09-17 12:55:25;1.153325
2026-09-17 12:55:30;1.153165
2026-09-17 12:55:35;1.153015
2026-09-17 12:55:40;1.152885
2026-09-17 12:55:45;1.152995
2026-09-17 12:55:50;1.153145
2026-09-17 12:55:55;1.153495
2026-09-17 12:56:00;1.153575
2026-09-17 12:56:05;1.153565
2026-09-17 12:56:10;1.153635
2026-09-17 12:56:15;1.153785
2026-09-17 12:56:20;1.154005
2026-09-17 12:56:25;1.154015
2026-09-17 12:56:30;1.154085
2026-09-17 12:56:35;1.154035
2026-09-17 12:56:40;1.153955
2026-09-17 12:56:45;1.153855
2026-09-17 12:56:50;1.153765
2026-09-17 12:56:55;1.153815
2026-09-17 12:57:00;1.153825
2026-09-17 12:57:05;1.154105
2026-09-17 12:57:10;1.153985
2026-09-17 12:57:15;1.153995
2026-09-17 12:57:20;1.154065
2026-09-17 12:57:25;1.154255
2026-09-17 12:57:30;1.154315
2026-09-17 12:57:35;1.154515
2026-09-17 12:57:40;1.154375
2026-09-17 12:57:45;1.154205
2026-09-17 12:57:50;1.154355
2026-09-17 12:57:55;1.154205
2026-09-17 12:58:00;1.154215
2026-09-17 12:58:05;1.154025
2026-09-17 12:58:10;1.154035
2026-09-17 12:58:15;1.154035
2026-09-17 12:58:20;1.154115
2026-09-17 12:58:25;1.154015
2026-09-17 12:58:30;1.154015
2026-09-17 12:58:35;1.154165
2026-09-17 12:58:40;1.154045
2026-09-17 12:58:45;1.154195
2026-09-17 12:58:50;1.154195
2026-09-17 12:58:55;1.154165
2026-09-17 12:59:00;1.154185
2026-09-17 12:59:05;1.154215
2026-09-17 12:59:10;1.154185
2026-09-17 12:59:15;1.153775
2026-09-17 12:59:20;1.153625
2026-09-17 12:59:25;1.153725
2026-09-17 12:59:30;1.153605
2026-09-17 12:59:35;1.153595
2026-09-17 12:59:40;1.153585
2026-09-17 12:59:45;1.153395
2026-09-17 12:59:50;1.153355
2026-09-17 12:59:55;1.153375
2026-09-17 13:00:00;1.153555
2026-09-17 13:00:05;1.153475
2026-09-17 13:00:10;1.153505
2026-09-17 13:00:15;1.153575
2026-09-17 13:00:20;1.153585
2026-09-17 13:00:25;1.153685
2026-09-17 13:00:30;1.153705
2026-09-17 13:00:35;1.153625
2026-09-17 13:00:40;1.153515
2026-09-17 13:00:45;1.153405
2026-09-17 13:00:50;1.153325
2026-09-17 13:00:55;1.153475
2026-09-17 13:01:00;1.153665
2026-09-17 13:01:05;1.153675
2026-09-17 13:01:10;1.153695
2026-09-17 13:01:15;1.153685
2026-09-17 13:01:20;1.153735
2026-09-17 13:01:25;1.153845
2026-09-17 13:01:30;1.153945
2026-09-17 13:01:35;1.153885
2026-09-17 13:01:40;1.153705
2026-09-17 13:01:45;1.153765
2026-09-17 13:01:50;1.153765
2026-09-17 13:01:55;1.153825
2026-09-17 13:02:00;1.153645
2026-09-17 13:02:05;1.153555
2026-09-17 13:02:10;1.153535
2026-09-17 13:02:15;1.153685
2026-09-17 13:02:20;1.153805
2026-09-17 13:02:25;1.153695
2026-09-17 13:02:30;1.153715
2026-09-17 13:02:35;1.153775
2026-09-17 13:02:40;1.153915
2026-09-17 13:02:45;1.153885
2026-09-17 13:02:50;1.154045
2026-09-17 13:02:55;1.154215
2026-09-17 13:03:00;1.154365
2026-09-17 13:03:05;1.154355
2026-09-17 13:03:10;1.154375
2026-09-17 13:03:15;1.154425
2026-09-17 13:03:20;1.154315
2026-09-17 13:03:25;1.154265
2026-09-17 13:03:30;1.154465
2026-09-17 13:03:35;1.154525
2026-09-17 13:03:40;1.154675
2026-09-17 13:03:45;1.154625
2026-09-17 13:03:50;1.154565
2026-09-17 13:03:55;1.154825
2026-09-17 13:04:00;1.154735
2026-09-17 13:04:05;1.154405
2026-09-17 13:04:10;1.154555
2026-09-17 13:04:15;1.154575
2026-09-17 13:04:20;1.154575
2026-09-17 13:04:25;1.154565
2026-09-17 13:04:30;1.154615
2026-09-17 13:04:35;1.154895
2026-09-17 13:04:40;1.154945
2026-09-17 13:04:45;1.154905
2026-09-17 13:04:50;1.154865
2026-09-17 13:04:55;1.154865
2026-09-17 13:05:00;1.154865
2026-09-17 13:05:05;1.154785
2026-09-17 13:05:10;1.154835
2026-09-17 13:05:15;1.154765
2026-09-17 13:05:20;1.154875
2026-09-17 13:05:25;1.154905
2026-09-17 13:05:30;1.154845
2026-09-17 13:05:35;1.154725
2026-09-17 13:05:40;1.154725
2026-09-17 13:05:45;1.154605
2026-09-17 13:05:50;1.154575
2026-09-17 13:05:55;1.154715
2026-09-17 13:06:00;1.154535
2026-09-17 13:06:05;1.154585
2026-09-17 13:06:10;1.154565
2026-09-17 13:06:15;1.154635
2026-09-17 13:06:20;1.154435
2026-09-17 13:06:25;1.154365
2026-09-17 13:06:30;1.154205
2026-09-17 13:06:35;1.154255
2026-09-17 13:06:40;1.154455
2026-09-17 13:06:45;1.154285
2026-09-17 13:06:50;1.154235
2026-09-17 13:06:55;1.154285
